,dt,ax [mg],ay [mg],az [mg],gx [mdeg/s],gy [mdeg/s],gz [mdeg/s],mx [mgauss],my [mgauss],mz [mgauss],roll [deg],pitch [deg],yaw [deg]
0,0.004,49.288,-60.024,1054.812,11585.0,4812.5,210.0,-8.120000000000001,187.88000000000002,-924.0000000000001,-3.2967032967032965,2.6648351648351647,-76.54945054945055
1,0.004,49.288,-60.024,1054.812,11270.0,4532.5,175.0,-8.120000000000001,187.88000000000002,-924.0000000000001,-3.159340659340659,2.708791208791209,-76.53846153846153
2,0.004,49.288,-59.78,1054.812,11760.0,4445.0,280.0,-8.120000000000001,187.88000000000002,-924.0000000000001,-3.3736263736263736,2.6483516483516483,-76.54395604395604
3,0.004,49.288,-59.78,1055.056,11515.0,4777.5,350.0,-9.66,188.58,-926.2400000000001,-3.2362637362637363,2.697802197802198,-76.53846153846153
4,0.004,49.288,-59.78,1055.056,11182.5,4690.0,157.5,-9.66,188.58,-926.2400000000001,-3.3131868131868134,2.532967032967033,-76.53846153846153
5,0.004,49.044,-60.024,1055.5439999999999,11707.5,4795.0,157.5,-9.66,188.58,-926.2400000000001,-3.28021978021978,2.71978021978022,-76.53846153846153
6,0.004,49.288,-60.024,1056.032,11322.5,4567.5,192.5,-5.74,191.94000000000003,-931.2800000000001,-3.2362637362637363,2.576923076923077,-76.53296703296704
7,0.004,49.044,-60.268,1056.52,11602.5,4532.5,175.0,-5.74,191.94000000000003,-931.2800000000001,-3.340659340659341,2.769230769230769,-76.53296703296704
8,0.004,49.044,-60.512,1057.252,11550.0,4585.0,245.0,-5.74,191.94000000000003,-931.2800000000001,-3.2967032967032965,2.6263736263736264,-76.53296703296704
9,0.004,49.044,-60.512,1057.984,11550.0,4427.5,210.0,-5.74,191.94000000000003,-931.2800000000001,-3.208791208791209,2.769230769230769,-76.52747252747253
10,0.004,49.044,-60.756,1058.716,11620.0,4620.0,297.5,-6.580000000000001,191.8,-925.96,-3.3516483516483517,2.631868131868132,-76.52747252747253
11,0.004,49.288,-61.0,1059.4479999999999,10885.0,4655.0,70.0,-6.580000000000001,191.8,-925.96,-3.230769230769231,2.7252747252747254,-76.52197802197803
12,0.004,49.288,-61.0,1060.424,11322.5,4427.5,0.0,-6.580000000000001,191.8,-925.96,-3.3956043956043955,2.6043956043956045,-76.52747252747253
13,0.004,49.044,-61.0,1061.156,11567.5,4480.0,367.5,-6.16,188.72000000000003,-924.4200000000001,-3.2637362637362637,2.681318681318681,-76.52197802197803
14,0.004,49.044,-61.0,1061.156,11042.5,4462.5,157.5,-6.16,188.72000000000003,-924.4200000000001,-3.401098901098901,2.5384615384615383,-76.52197802197803
15,0.004,49.044,-60.756,1060.912,11830.0,4427.5,70.0,-6.16,188.72000000000003,-924.4200000000001,-3.3076923076923075,2.6758241758241756,-76.52197802197803
16,0.004,49.044,-60.756,1060.668,11882.5,4340.0,175.0,-3.9200000000000004,192.36,-925.82,-3.230769230769231,2.5549450549450547,-76.51648351648352
17,0.004,49.044,-60.512,1059.936,11025.0,4445.0,297.5,-3.9200000000000004,192.36,-925.82,-3.3461538461538463,2.741758241758242,-76.51648351648352
18,0.004,49.044,-60.512,1058.96,11480.0,4270.0,175.0,-3.9200000000000004,192.36,-925.82,-3.28021978021978,2.6153846153846154,-76.51098901098901
19,0.004,49.044,-60.512,1057.984,11532.5,4550.0,157.5,-4.760000000000001,193.62,-925.1200000000001,-3.291208791208791,2.8131868131868134,-76.51098901098901
20,0.004,48.8,-60.268,1057.008,10902.5,4672.5,140.0,-4.760000000000001,193.62,-925.1200000000001,-3.3076923076923075,2.6538461538461537,-76.51098901098901
21,0.004,48.8,-60.512,1056.032,11882.5,4655.0,175.0,-4.760000000000001,193.62,-925.1200000000001,-3.1868131868131866,2.5934065934065935,-76.50549450549451
22,0.004,48.8,-60.512,1055.5439999999999,11725.0,4427.5,245.0,-8.120000000000001,194.32000000000002,-926.8000000000001,-3.3956043956043955,2.6923076923076925,-76.51098901098901
23,0.004,48.8,-60.268,1055.056,11270.0,4550.0,175.0,-8.120000000000001,194.32000000000002,-926.8000000000001,-3.2747252747252746,2.642857142857143,-76.50549450549451
24,0.004,48.8,-60.268,1054.812,11165.0,4497.5,35.0,-8.120000000000001,194.32000000000002,-926.8000000000001,-3.1483516483516483,2.587912087912088,-76.5
25,0.004,48.8,-60.024,1054.568,11725.0,4550.0,52.5,-8.260000000000002,194.60000000000002,-925.1200000000001,-3.357142857142857,2.6923076923076925,-76.50549450549451
26,0.004,48.8,-60.024,1054.568,11410.0,4585.0,280.0,-8.260000000000002,194.60000000000002,-925.1200000000001,-3.2362637362637363,2.631868131868132,-76.5
27,0.004,48.8,-59.78,1054.812,11252.5,4462.5,175.0,-8.260000000000002,194.60000000000002,-925.1200000000001,-3.3461538461538463,2.8241758241758244,-76.5
28,0.004,49.044,-59.78,1054.812,11760.0,4497.5,122.5,-9.24,192.22000000000003,-923.58,-3.2967032967032965,2.6868131868131866,-76.49450549450549
29,0.004,48.8,-59.78,1055.3,11550.0,4620.0,297.5,-9.24,192.22000000000003,-923.58,-3.197802197802198,2.5934065934065935,-76.48901098901099
30,0.004,49.044,-59.78,1055.5439999999999,11445.0,4707.5,122.5,-9.24,192.22000000000003,-923.58,-3.3461538461538463,2.7637362637362637,-76.49450549450549
31,0.004,49.044,-60.024,1056.032,11322.5,4480.0,227.5,-9.66,192.50000000000003,-918.5400000000001,-3.2747252747252746,2.642857142857143,-76.48901098901099
32,0.004,49.288,-60.268,1056.52,11287.5,4427.5,105.0,-9.66,192.50000000000003,-918.5400000000001,-3.2527472527472527,2.82967032967033,-76.48901098901099
33,0.004,49.288,-60.268,1057.008,11620.0,4462.5,105.0,-9.66,192.50000000000003,-918.5400000000001,-3.3076923076923075,2.6648351648351647,-76.48901098901099
34,0.004,49.288,-60.268,1057.74,11882.5,4777.5,157.5,-9.66,192.50000000000003,-918.5400000000001,-3.1758241758241756,2.67032967032967,-76.48351648351648
35,0.004,49.288,-60.512,1058.472,11917.5,4585.0,315.0,-12.740000000000002,188.16000000000003,-926.2400000000001,-3.4065934065934065,2.67032967032967,-76.48351648351648
36,0.004,49.288,-60.756,1059.4479999999999,10605.0,4497.5,87.5,-12.740000000000002,188.16000000000003,-926.2400000000001,-3.2637362637362637,2.67032967032967,-76.47802197802197
37,0.004,49.288,-61.0,1060.424,11690.0,4690.0,245.0,-12.740000000000002,188.16000000000003,-926.2400000000001,-3.4725274725274726,2.598901098901099,-76.48351648351648
38,0.004,49.288,-60.756,1061.156,11830.0,4620.0,297.5,-8.96,188.16000000000003,-931.8400000000001,-3.340659340659341,2.6648351648351647,-76.47802197802197
39,0.004,49.288,-60.756,1061.3999999999999,11270.0,4462.5,210.0,-8.96,188.16000000000003,-931.8400000000001,-3.208791208791209,2.6483516483516483,-76.47252747252747
40,0.004,49.044,-60.756,1061.156,11602.5,4445.0,87.5,-8.96,188.16000000000003,-931.8400000000001,-3.4395604395604398,2.642857142857143,-76.47802197802197
41,0.004,49.044,-60.756,1060.912,11672.5,4480.0,227.5,-10.920000000000002,187.04000000000002,-930.8600000000001,-3.302197802197802,2.659340659340659,-76.47252747252747
42,0.004,49.044,-60.756,1060.424,11060.0,4445.0,367.5,-10.920000000000002,187.04000000000002,-930.8600000000001,-3.197802197802198,2.5714285714285716,-76.46703296703296
43,0.004,49.044,-60.756,1059.4479999999999,11427.5,4480.0,-35.0,-10.920000000000002,187.04000000000002,-930.8600000000001,-3.379120879120879,2.708791208791209,-76.47252747252747
44,0.004,48.8,-60.512,1058.716,11917.5,4340.0,210.0,-7.840000000000001,193.62,-927.5000000000001,-3.2747252747252746,2.620879120879121,-76.46703296703296
45,0.004,48.8,-60.512,1057.4959999999999,11060.0,4392.5,140.0,-7.840000000000001,193.62,-927.5000000000001,-3.2857142857142856,2.818681318681319,-76.46703296703296
46,0.004,48.8,-60.268,1056.52,11567.5,4480.0,-87.5,-7.840000000000001,193.62,-927.5000000000001,-3.3076923076923075,2.659340659340659,-76.46153846153847
47,0.004,48.8,-60.268,1056.032,11585.0,4707.5,175.0,-6.300000000000001,194.04000000000002,-931.1400000000001,-3.1868131868131866,2.60989010989011,-76.45604395604396
48,0.004,49.044,-60.024,1055.3,11007.5,4462.5,175.0,-6.300000000000001,194.04000000000002,-931.1400000000001,-3.3846153846153846,2.7252747252747254,-76.46153846153847
49,0.004,49.044,-60.024,1055.056,11480.0,4427.5,17.5,-6.300000000000001,194.04000000000002,-931.1400000000001,-3.269230769230769,2.6538461538461537,-76.45604395604396
50,0.004,49.044,-59.78,1055.056,11410.0,4462.5,210.0,-11.340000000000002,192.36,-925.5400000000001,-3.131868131868132,2.67032967032967,-76.45054945054945
51,0.004,49.044,-59.78,1054.812,11515.0,4427.5,280.0,-11.340000000000002,192.36,-925.5400000000001,-3.3626373626373627,2.6648351648351647,-76.45604395604396
52,0.004,49.044,-59.78,1054.812,11217.5,4515.0,70.0,-11.340000000000002,192.36,-925.5400000000001,-3.21978021978022,2.67032967032967,-76.45054945054945
53,0.004,49.044,-59.78,1055.056,11882.5,4480.0,315.0,-8.4,193.9,-924.4200000000001,-3.4175824175824174,2.5824175824175826,-76.45604395604396
54,0.004,49.044,-59.78,1055.3,11637.5,4532.5,280.0,-8.4,193.9,-924.4200000000001,-3.2967032967032965,2.67032967032967,-76.45054945054945
55,0.004,49.044,-59.536,1055.788,11585.0,4375.0,210.0,-8.4,193.9,-924.4200000000001,-3.1648351648351647,2.6483516483516483,-76.44505494505495
56,0.004,49.044,-59.536,1056.276,11637.5,4637.5,280.0,-10.500000000000002,196.42000000000002,-925.2600000000001,-3.3956043956043955,2.681318681318681,-76.45054945054945
57,0.004,49.044,-59.78,1056.764,11707.5,4497.5,262.5,-10.500000000000002,196.42000000000002,-925.2600000000001,-3.258241758241758,2.6648351648351647,-76.43956043956044
58,0.004,49.044,-60.024,1057.4959999999999,11900.0,4585.0,350.0,-10.500000000000002,196.42000000000002,-925.2600000000001,-3.1923076923076925,2.543956043956044,-76.43406593406593
59,0.004,48.8,-60.024,1057.74,11655.0,4497.5,262.5,-10.500000000000002,196.42000000000002,-925.2600000000001,-3.32967032967033,2.71978021978022,-76.43956043956044
60,0.004,48.8,-60.268,1058.716,11585.0,4515.0,245.0,-9.8,189.14000000000001,-926.3800000000001,-3.258241758241758,2.598901098901099,-76.43406593406593
61,0.004,48.8,-60.756,1059.204,10570.0,4305.0,315.0,-9.8,189.14000000000001,-926.3800000000001,-3.412087912087912,2.7637362637362637,-76.43956043956044
62,0.004,48.8,-61.0,1060.18,11550.0,4340.0,262.5,-9.8,189.14000000000001,-926.3800000000001,-3.3351648351648353,2.642857142857143,-76.43406593406593
63,0.004,48.8,-61.0,1060.912,11602.5,4585.0,315.0,-7.420000000000001,185.92000000000002,-926.3800000000001,-3.208791208791209,2.6043956043956045,-76.42307692307692
64,0.004,49.044,-61.0,1061.156,10972.5,4637.5,350.0,-7.420000000000001,185.92000000000002,-926.3800000000001,-3.4175824175824174,2.697802197802198,-76.42857142857143
65,0.004,48.8,-60.756,1060.912,11392.5,4462.5,192.5,-7.420000000000001,185.92000000000002,-926.3800000000001,-3.2967032967032965,2.631868131868132,-76.42307692307692
66,0.004,48.8,-60.756,1060.18,11445.0,4445.0,420.0,-8.540000000000001,190.82000000000002,-922.7400000000001,-3.1648351648351647,2.60989010989011,-76.41758241758242
67,0.004,48.8,-60.512,1059.204,11200.0,4497.5,192.5,-8.540000000000001,190.82000000000002,-922.7400000000001,-3.39010989010989,2.6648351648351647,-76.42307692307692
68,0.004,48.8,-60.512,1058.716,11532.5,4497.5,175.0,-8.540000000000001,190.82000000000002,-922.7400000000001,-3.258241758241758,2.6373626373626373,-76.41758241758242
69,0.004,49.044,-60.268,1057.74,11602.5,4515.0,87.5,-10.920000000000002,190.4,-925.2600000000001,-3.3076923076923075,2.8351648351648353,-76.41758241758242
70,0.004,49.044,-60.268,1057.008,11007.5,4585.0,385.0,-10.920000000000002,190.4,-925.2600000000001,-3.3076923076923075,2.6758241758241756,-76.41208791208791
71,0.004,49.044,-60.024,1056.032,11882.5,4322.5,227.5,-10.920000000000002,190.4,-925.2600000000001,-3.1868131868131866,2.620879120879121,-76.4065934065934
72,0.004,49.044,-60.024,1055.5439999999999,11480.0,4410.0,227.5,-6.580000000000001,192.50000000000003,-920.9200000000001,-3.3956043956043955,2.71978021978022,-76.41208791208791
73,0.004,49.044,-59.78,1054.812,11270.0,4620.0,175.0,-6.580000000000001,192.50000000000003,-920.9200000000001,-3.2747252747252746,2.67032967032967,-76.4065934065934
74,0.004,49.288,-59.78,1054.568,11585.0,4777.5,157.5,-6.580000000000001,192.50000000000003,-920.9200000000001,-3.1373626373626373,2.6923076923076925,-76.4010989010989
75,0.004,49.288,-59.78,1054.324,11795.0,4672.5,297.5,-9.66,192.78000000000003,-928.2,-3.3626373626373627,2.6758241758241756,-76.4065934065934
76,0.004,49.288,-59.78,1054.324,11637.5,4707.5,297.5,-9.66,192.78000000000003,-928.2,-3.2252747252747254,2.6868131868131866,-76.4010989010989
77,0.004,49.288,-59.78,1054.324,11515.0,4410.0,280.0,-9.66,192.78000000000003,-928.2,-3.4065934065934065,2.576923076923077,-76.4010989010989
78,0.004,49.288,-59.536,1054.568,11742.5,4637.5,280.0,-7.700000000000001,191.38000000000002,-923.0200000000001,-3.291208791208791,2.681318681318681,-76.3956043956044
79,0.004,49.288,-59.536,1055.056,11760.0,4410.0,210.0,-7.700000000000001,191.38000000000002,-923.0200000000001,-3.159340659340659,2.659340659340659,-76.39010989010988
80,0.004,49.288,-59.78,1055.5439999999999,11637.5,4410.0,227.5,-7.700000000000001,191.38000000000002,-923.0200000000001,-3.3846153846153846,2.6923076923076925,-76.3956043956044
81,0.004,49.288,-59.78,1056.032,11515.0,4567.5,315.0,-7.420000000000001,191.38000000000002,-925.82,-3.2527472527472527,2.681318681318681,-76.39010989010988
82,0.004,49.044,-60.024,1056.52,11830.0,4620.0,262.5,-7.420000000000001,191.38000000000002,-925.82,-3.2857142857142856,2.5164835164835164,-76.39010989010988
83,0.004,49.044,-60.268,1057.252,11637.5,4497.5,140.0,-7.420000000000001,191.38000000000002,-925.82,-3.302197802197802,2.7142857142857144,-76.39010989010988
84,0.004,49.044,-60.268,1057.984,11410.0,4532.5,245.0,-7.420000000000001,191.38000000000002,-925.82,-3.2472527472527473,2.576923076923077,-76.38461538461539
85,0.004,49.288,-60.512,1058.472,11497.5,4602.5,140.0,-8.96,192.36,-929.0400000000001,-3.340659340659341,2.769230769230769,-76.38461538461539
86,0.004,49.532,-60.512,1059.204,10902.5,4567.5,192.5,-8.96,192.36,-929.0400000000001,-3.2747252747252746,2.642857142857143,-76.37912087912088
87,0.004,49.288,-60.756,1059.936,11725.0,4532.5,122.5,-8.96,192.36,-929.0400000000001,-3.357142857142857,2.840659340659341,-76.38461538461539
88,0.004,49.288,-60.756,1060.668,11620.0,4357.5,210.0,-5.32,188.16000000000003,-925.2600000000001,-3.32967032967033,2.6923076923076925,-76.37912087912088
89,0.004,49.288,-60.756,1060.912,11322.5,4585.0,192.5,-5.32,188.16000000000003,-925.2600000000001,-3.2252747252747254,2.60989010989011,-76.37362637362638
90,0.004,49.288,-60.512,1060.668,11375.0,4462.5,157.5,-5.32,188.16000000000003,-925.2600000000001,-3.39010989010989,2.7637362637362637,-76.37912087912088
91,0.004,49.532,-60.512,1060.424,11462.5,4480.0,210.0,-4.9,188.3,-923.7200000000001,-3.291208791208791,2.67032967032967,-76.37362637362638
92,0.004,49.288,-60.268,1059.4479999999999,11305.0,4637.5,87.5,-4.9,188.3,-923.7200000000001,-3.1648351648351647,2.6263736263736264,-76.36813186813187
93,0.004,49.288,-60.024,1058.716,11182.5,4550.0,157.5,-4.9,188.3,-923.7200000000001,-3.379120879120879,2.7142857142857144,-76.37362637362638
94,0.004,49.288,-60.024,1058.228,11182.5,4760.0,262.5,-7.840000000000001,187.04000000000002,-924.9800000000001,-3.2527472527472527,2.6648351648351647,-76.36813186813187
95,0.004,49.288,-60.024,1057.252,11182.5,4550.0,315.0,-7.840000000000001,187.04000000000002,-924.9800000000001,-3.120879120879121,2.6263736263736264,-76.35714285714286
96,0.004,49.044,-59.78,1056.276,11550.0,4602.5,140.0,-7.840000000000001,187.04000000000002,-924.9800000000001,-3.3461538461538463,2.6868131868131866,-76.36263736263736
97,0.004,49.288,-59.78,1055.3,11620.0,4585.0,350.0,-3.7800000000000002,190.4,-921.6200000000001,-3.2142857142857144,2.6758241758241756,-76.35714285714286
98,0.004,49.288,-59.78,1054.568,11270.0,4532.5,315.0,-3.7800000000000002,190.4,-921.6200000000001,-3.4395604395604398,2.659340659340659,-76.36263736263736
99,0.004,49.532,-59.78,1054.08,11882.5,4585.0,210.0,-3.7800000000000002,190.4,-921.6200000000001,-3.3076923076923075,2.7032967032967035,-76.35714285714286
100,0.004,49.532,-59.536,1054.08,11567.5,4760.0,280.0,-3.9200000000000004,189.70000000000002,-931.1400000000001,-3.1758241758241756,2.681318681318681,-76.35164835164835
101,0.004,49.532,-59.536,1054.324,11427.5,4480.0,280.0,-3.9200000000000004,189.70000000000002,-931.1400000000001,-3.401098901098901,2.708791208791209,-76.35714285714286
102,0.004,49.532,-59.536,1054.324,11760.0,4445.0,192.5,-3.9200000000000004,189.70000000000002,-931.1400000000001,-3.269230769230769,2.697802197802198,-76.35164835164835
103,0.004,49.288,-59.536,1054.324,11812.5,4497.5,210.0,-5.460000000000001,188.86,-929.6000000000001,-3.17032967032967,2.6043956043956045,-76.34615384615384
104,0.004,49.532,-59.78,1054.812,11672.5,4480.0,227.5,-5.460000000000001,188.86,-929.6000000000001,-3.340659340659341,2.758241758241758,-76.34615384615384
105,0.004,49.288,-59.78,1055.3,11620.0,4410.0,175.0,-5.460000000000001,188.86,-929.6000000000001,-3.2527472527472527,2.6538461538461537,-76.34065934065934
106,0.004,49.044,-60.024,1055.5439999999999,11550.0,4287.5,332.5,-7.840000000000001,192.36,-928.7600000000001,-3.4725274725274726,2.7252747252747254,-76.34615384615384
107,0.004,49.044,-60.024,1056.276,11480.0,4707.5,315.0,-7.840000000000001,192.36,-928.7600000000001,-3.3461538461538463,2.6868131868131866,-76.34065934065934
108,0.004,49.044,-60.268,1056.764,11812.5,4672.5,280.0,-7.840000000000001,192.36,-928.7600000000001,-3.2252747252747254,2.631868131868132,-76.33516483516483
109,0.004,49.288,-60.268,1057.74,11830.0,4567.5,227.5,-7.840000000000001,192.36,-928.7600000000001,-3.412087912087912,2.769230769230769,-76.34065934065934
110,0.004,49.288,-60.512,1058.716,11567.5,4392.5,350.0,-6.86,192.78000000000003,-931.1400000000001,-3.3131868131868134,2.6758241758241756,-76.33516483516483
111,0.004,49.288,-60.512,1059.204,10850.0,4462.5,297.5,-6.86,192.78000000000003,-931.1400000000001,-3.1868131868131866,2.631868131868132,-76.32417582417582
112,0.004,49.288,-60.512,1059.936,11620.0,4532.5,122.5,-6.86,192.78000000000003,-931.1400000000001,-3.4065934065934065,2.708791208791209,-76.32967032967034
113,0.004,49.288,-60.268,1060.668,11480.0,4620.0,210.0,-4.9,187.32000000000002,-927.7800000000001,-3.28021978021978,2.6648351648351647,-76.32417582417582
114,0.004,49.288,-60.268,1060.668,10937.5,4550.0,210.0,-4.9,187.32000000000002,-927.7800000000001,-3.1538461538461537,2.60989010989011,-76.31868131868131
115,0.004,49.288,-60.268,1060.424,11812.5,4357.5,105.0,-4.9,187.32000000000002,-927.7800000000001,-3.368131868131868,2.7032967032967035,-76.32417582417582
116,0.004,49.288,-60.268,1059.936,11847.5,4305.0,245.0,-6.300000000000001,187.60000000000002,-925.96,-3.2472527472527473,2.6483516483516483,-76.31868131868131
117,0.004,49.044,-60.024,1059.204,11025.0,4340.0,157.5,-6.300000000000001,187.60000000000002,-925.96,-3.1868131868131866,2.5164835164835164,-76.31318681318682
118,0.004,49.044,-59.78,1058.228,11637.5,4462.5,140.0,-6.300000000000001,187.60000000000002,-925.96,-3.2967032967032965,2.708791208791209,-76.31868131868131
119,0.004,48.8,-59.536,1057.252,11760.0,4427.5,280.0,-6.86,188.72000000000003,-925.2600000000001,-3.208791208791209,2.598901098901099,-76.31318681318682
120,0.004,48.8,-59.536,1056.764,11252.5,4375.0,332.5,-6.86,188.72000000000003,-925.2600000000001,-3.3131868131868134,2.791208791208791,-76.31318681318682
121,0.004,49.044,-59.536,1055.788,11182.5,4462.5,140.0,-6.86,188.72000000000003,-925.2600000000001,-3.258241758241758,2.6538461538461537,-76.3076923076923
122,0.004,49.044,-59.292,1055.056,11392.5,4637.5,192.5,-4.62,190.68,-927.6400000000001,-3.120879120879121,2.6868131868131866,-76.3021978021978
123,0.004,49.288,-59.292,1054.568,11270.0,4637.5,175.0,-4.62,190.68,-927.6400000000001,-3.3461538461538463,2.6758241758241756,-76.3076923076923
124,0.004,49.288,-59.292,1054.08,11515.0,4602.5,210.0,-4.62,190.68,-927.6400000000001,-3.208791208791209,2.6868131868131866,-76.3021978021978
125,0.004,49.288,-59.292,1054.08,11672.5,4462.5,280.0,-6.86,192.22000000000003,-929.1800000000001,-3.3351648351648353,2.5384615384615383,-76.3021978021978
126,0.004,49.532,-59.048,1054.08,11357.5,4515.0,192.5,-6.86,192.22000000000003,-929.1800000000001,-3.258241758241758,2.697802197802198,-76.3021978021978
127,0.004,49.532,-59.048,1054.324,11445.0,4445.0,175.0,-6.86,192.22000000000003,-929.1800000000001,-3.1263736263736264,2.6758241758241756,-76.2967032967033
128,0.004,49.288,-59.292,1054.568,11602.5,4427.5,227.5,-4.48,191.52,-933.6600000000001,-3.3516483516483517,2.681318681318681,-76.3021978021978
129,0.004,49.288,-59.292,1054.812,11620.0,4462.5,297.5,-4.48,191.52,-933.6600000000001,-3.21978021978022,2.681318681318681,-76.29120879120879
130,0.004,49.532,-59.536,1055.3,11147.5,4480.0,280.0,-4.48,191.52,-933.6600000000001,-3.4450549450549453,2.6758241758241756,-76.2967032967033
131,0.004,49.532,-59.536,1055.788,11655.0,4620.0,245.0,-6.16,192.92000000000002,-928.2,-3.3076923076923075,2.697802197802198,-76.29120879120879
132,0.004,49.288,-59.536,1056.52,11410.0,4532.5,280.0,-6.16,192.92000000000002,-928.2,-3.181318681318681,2.6483516483516483,-76.28571428571429
133,0.004,49.288,-59.78,1057.252,11550.0,4427.5,157.5,-6.16,192.92000000000002,-928.2,-3.4065934065934065,2.7142857142857144,-76.29120879120879
134,0.004,49.532,-60.024,1057.984,11585.0,4427.5,245.0,-6.16,192.92000000000002,-928.2,-3.2747252747252746,2.6868131868131866,-76.28571428571429
135,0.004,49.532,-60.268,1058.96,11427.5,4287.5,367.5,-10.360000000000001,192.36,-923.3000000000001,-3.181318681318681,2.587912087912088,-76.28021978021978
136,0.004,49.532,-60.512,1059.692,11515.0,4532.5,52.5,-10.360000000000001,192.36,-923.3000000000001,-3.357142857142857,2.730769230769231,-76.28571428571429
137,0.004,49.775999999999996,-60.512,1059.936,11707.5,4497.5,140.0,-10.360000000000001,192.36,-923.3000000000001,-3.241758241758242,2.6648351648351647,-76.28021978021978
138,0.004,49.775999999999996,-60.512,1060.668,11760.0,4480.0,227.5,-5.32,184.66000000000003,-926.94,-3.4285714285714284,2.802197802197802,-76.28021978021978
139,0.004,49.532,-60.756,1061.156,10745.0,4340.0,245.0,-5.32,184.66000000000003,-926.94,-3.3351648351648353,2.697802197802198,-76.27472527472527
140,0.004,49.288,-60.512,1060.912,11270.0,4585.0,87.5,-5.32,184.66000000000003,-926.94,-3.2252747252747254,2.620879120879121,-76.26923076923077
141,0.004,49.288,-60.512,1060.424,11357.5,4427.5,157.5,-2.8000000000000003,187.74,-935.7600000000001,-3.4065934065934065,2.758241758241758,-76.27472527472527
142,0.004,49.044,-60.512,1059.936,11130.0,4392.5,262.5,-2.8000000000000003,187.74,-935.7600000000001,-3.3131868131868134,2.659340659340659,-76.26923076923077
143,0.004,49.044,-60.268,1059.204,11392.5,4497.5,157.5,-2.8000000000000003,187.74,-935.7600000000001,-3.181318681318681,2.6263736263736264,-76.26373626373626
144,0.004,49.044,-60.268,1058.472,11637.5,4550.0,332.5,-6.580000000000001,184.52,-933.6600000000001,-3.4065934065934065,2.6868131868131866,-76.26923076923077
145,0.004,49.044,-60.024,1057.4959999999999,11532.5,4532.5,175.0,-6.580000000000001,184.52,-933.6600000000001,-3.2747252747252746,2.6648351648351647,-76.26373626373626
146,0.004,49.044,-59.78,1057.008,11725.0,4585.0,140.0,-6.580000000000001,184.52,-933.6600000000001,-3.1483516483516483,2.6263736263736264,-76.25824175824175
147,0.004,49.044,-59.78,1056.032,11357.5,4620.0,157.5,-5.6000000000000005,191.10000000000002,-936.1800000000001,-3.368131868131868,2.697802197802198,-76.26373626373626
148,0.004,49.044,-59.78,1055.5439999999999,10920.0,4392.5,315.0,-5.6000000000000005,191.10000000000002,-936.1800000000001,-3.2362637362637363,2.659340659340659,-76.25824175824175
149,0.004,49.044,-59.536,1055.056,11392.5,4620.0,0.0,-5.6000000000000005,191.10000000000002,-936.1800000000001,-3.098901098901099,2.6538461538461537,-76.25274725274726
150,0.004,49.288,-59.78,1054.568,11795.0,4602.5,140.0,-8.260000000000002,191.38000000000002,-929.46,-3.32967032967033,2.6923076923076925,-76.25824175824175
151,0.004,49.044,-59.536,1054.568,11287.5,4340.0,140.0,-8.260000000000002,191.38000000000002,-929.46,-3.2032967032967035,2.6483516483516483,-76.25274725274726
152,0.004,49.044,-59.536,1054.812,11585.0,4392.5,175.0,-8.260000000000002,191.38000000000002,-929.46,-3.423076923076923,2.7252747252747254,-76.25824175824175
153,0.004,48.8,-59.536,1055.056,11252.5,4375.0,210.0,-8.4,191.66000000000003,-927.9200000000001,-3.2967032967032965,2.67032967032967,-76.25274725274726
154,0.004,48.8,-59.536,1055.5439999999999,11375.0,4567.5,262.5,-8.4,191.66000000000003,-927.9200000000001,-3.1758241758241756,2.620879120879121,-76.24175824175825
155,0.004,48.556,-59.536,1055.5439999999999,11445.0,4620.0,262.5,-8.4,191.66000000000003,-927.9200000000001,-3.401098901098901,2.6648351648351647,-76.24725274725274
156,0.004,48.8,-59.536,1056.032,11742.5,4690.0,332.5,-5.32,192.50000000000003,-933.6600000000001,-3.269230769230769,2.659340659340659,-76.24175824175825
157,0.004,48.8,-59.536,1056.52,11690.0,4567.5,210.0,-5.32,192.50000000000003,-933.6600000000001,-3.1483516483516483,2.6043956043956045,-76.23626373626374
158,0.004,49.044,-59.78,1057.252,11112.5,4392.5,105.0,-5.32,192.50000000000003,-933.6600000000001,-3.3516483516483517,2.708791208791209,-76.24175824175825
159,0.004,49.044,-60.024,1057.984,11637.5,4532.5,262.5,-5.32,192.50000000000003,-933.6600000000001,-3.241758241758242,2.6373626373626373,-76.23626373626374
160,0.004,48.8,-60.268,1058.96,11550.0,4462.5,437.5,-7.840000000000001,189.70000000000002,-929.0400000000001,-3.4615384615384617,2.60989010989011,-76.24175824175825
161,0.004,49.044,-60.512,1059.936,10815.0,4532.5,140.0,-7.840000000000001,189.70000000000002,-929.0400000000001,-3.3241758241758244,2.659340659340659,-76.23626373626374
162,0.004,49.044,-60.756,1060.668,11550.0,4532.5,140.0,-7.840000000000001,189.70000000000002,-929.0400000000001,-3.197802197802198,2.6153846153846154,-76.23076923076923
163,0.004,49.044,-60.756,1060.912,11270.0,4427.5,105.0,-3.08,187.04000000000002,-932.1200000000001,-3.4175824175824174,2.6923076923076925,-76.23626373626374
164,0.004,48.8,-60.756,1061.156,11515.0,4392.5,385.0,-3.08,187.04000000000002,-932.1200000000001,-3.2967032967032965,2.631868131868132,-76.22527472527473
165,0.004,48.8,-60.512,1061.156,11375.0,4567.5,157.5,-3.08,187.04000000000002,-932.1200000000001,-3.1648351648351647,2.6153846153846154,-76.21978021978022
166,0.004,48.8,-60.512,1060.668,11830.0,4550.0,210.0,0.42000000000000004,186.9,-927.08,-3.39010989010989,2.6538461538461537,-76.22527472527473
167,0.004,49.044,-60.512,1059.936,11480.0,4480.0,157.5,0.42000000000000004,186.9,-927.08,-3.258241758241758,2.6538461538461537,-76.21978021978022
168,0.004,48.8,-60.512,1059.4479999999999,11637.5,4497.5,157.5,0.42000000000000004,186.9,-927.08,-3.3846153846153846,2.510989010989011,-76.21978021978022
169,0.004,48.8,-60.268,1058.716,11567.5,4620.0,245.0,-5.040000000000001,191.10000000000002,-933.3800000000001,-3.2967032967032965,2.659340659340659,-76.21978021978022
170,0.004,48.8,-60.268,1057.4959999999999,11235.0,4567.5,122.5,-5.040000000000001,191.10000000000002,-933.3800000000001,-3.181318681318681,2.587912087912088,-76.21428571428571
171,0.004,48.8,-60.024,1056.764,11480.0,4497.5,105.0,-5.040000000000001,191.10000000000002,-933.3800000000001,-3.3736263736263736,2.7142857142857144,-76.21978021978022
172,0.004,49.044,-60.024,1056.52,11340.0,4567.5,210.0,-5.74,192.22000000000003,-932.5400000000001,-3.258241758241758,2.6483516483516483,-76.21428571428571
173,0.004,49.044,-59.78,1056.032,11112.5,4445.0,245.0,-5.74,192.22000000000003,-932.5400000000001,-3.120879120879121,2.6923076923076925,-76.20879120879121
174,0.004,49.288,-59.78,1055.5439999999999,11462.5,4515.0,105.0,-5.74,192.22000000000003,-932.5400000000001,-3.3461538461538463,2.67032967032967,-76.20879120879121
175,0.004,49.288,-59.78,1055.5439999999999,11515.0,4620.0,227.5,-7.140000000000001,193.34000000000003,-932.4000000000001,-3.208791208791209,2.681318681318681,-76.2032967032967
176,0.004,49.288,-60.024,1055.5439999999999,11620.0,4497.5,245.0,-7.140000000000001,193.34000000000003,-932.4000000000001,-3.4285714285714284,2.642857142857143,-76.20879120879121
177,0.004,49.044,-59.78,1055.5439999999999,11742.5,4602.5,210.0,-7.140000000000001,193.34000000000003,-932.4000000000001,-3.291208791208791,2.67032967032967,-76.2032967032967
178,0.004,49.044,-59.78,1055.5439999999999,11550.0,4445.0,280.0,-8.680000000000001,191.66000000000003,-932.4000000000001,-3.1648351648351647,2.631868131868132,-76.1978021978022
179,0.004,49.288,-59.78,1055.788,11550.0,4567.5,157.5,-8.680000000000001,191.66000000000003,-932.4000000000001,-3.379120879120879,2.730769230769231,-76.2032967032967
180,0.004,49.288,-59.536,1056.032,11917.5,4690.0,210.0,-8.680000000000001,191.66000000000003,-932.4000000000001,-3.258241758241758,2.6758241758241756,-76.1978021978022
181,0.004,49.044,-59.78,1056.52,11865.0,4690.0,350.0,-13.440000000000001,194.04000000000002,-928.9000000000001,-3.197802197802198,2.5494505494505493,-76.1923076923077
182,0.004,49.044,-60.024,1057.008,11410.0,4550.0,315.0,-13.440000000000001,194.04000000000002,-928.9000000000001,-3.3241758241758244,2.730769230769231,-76.1923076923077
183,0.004,49.044,-60.268,1057.4959999999999,11637.5,4637.5,280.0,-13.440000000000001,194.04000000000002,-928.9000000000001,-3.258241758241758,2.6043956043956045,-76.18681318681318
184,0.004,49.044,-60.268,1058.228,11812.5,4602.5,175.0,-13.440000000000001,194.04000000000002,-928.9000000000001,-3.3131868131868134,2.8076923076923075,-76.1923076923077
185,0.004,49.288,-60.512,1059.204,12005.0,4567.5,577.5,-10.500000000000002,198.52,-928.6200000000001,-3.3076923076923075,2.6483516483516483,-76.18681318681318
186,0.004,49.288,-60.512,1059.936,10955.0,4340.0,175.0,-10.500000000000002,198.52,-928.6200000000001,-3.17032967032967,2.697802197802198,-76.18131868131869
187,0.004,49.044,-60.756,1060.668,11707.5,4550.0,157.5,-10.500000000000002,198.52,-928.6200000000001,-3.379120879120879,2.631868131868132,-76.18681318681318
188,0.004,49.044,-60.512,1061.3999999999999,11497.5,4287.5,350.0,-5.6000000000000005,191.38000000000002,-932.5400000000001,-3.2472527472527473,2.6648351648351647,-76.17582417582418
189,0.004,49.288,-60.512,1061.644,10815.0,4252.5,385.0,-5.6000000000000005,191.38000000000002,-932.5400000000001,-3.4450549450549453,2.5824175824175826,-76.18131868131869
190,0.004,49.288,-60.512,1061.644,11200.0,4410.0,87.5,-5.6000000000000005,191.38000000000002,-932.5400000000001,-3.318681318681319,2.6648351648351647,-76.17582417582418
191,0.004,49.288,-60.024,1061.3999999999999,11585.0,4532.5,350.0,-7.840000000000001,192.50000000000003,-931.2800000000001,-3.181318681318681,2.6538461538461537,-76.17032967032966
192,0.004,49.288,-60.024,1060.424,11270.0,4567.5,227.5,-7.840000000000001,192.50000000000003,-931.2800000000001,-3.412087912087912,2.67032967032967,-76.17582417582418
193,0.004,49.288,-59.78,1059.4479999999999,11812.5,4812.5,140.0,-7.840000000000001,192.50000000000003,-931.2800000000001,-3.2747252747252746,2.6758241758241756,-76.17032967032966
194,0.004,49.288,-59.536,1058.228,11760.0,4410.0,192.5,-0.7000000000000001,189.00000000000003,-930.58,-3.1483516483516483,2.642857142857143,-76.16483516483517
195,0.004,49.288,-59.536,1057.252,10762.5,4392.5,315.0,-0.7000000000000001,189.00000000000003,-930.58,-3.368131868131868,2.708791208791209,-76.16483516483517
196,0.004,49.044,-59.292,1056.52,11690.0,4340.0,262.5,-0.7000000000000001,189.00000000000003,-930.58,-3.241758241758242,2.6648351648351647,-76.15934065934066
197,0.004,49.044,-59.292,1056.032,11672.5,4532.5,227.5,-9.100000000000001,192.22000000000003,-928.0600000000001,-3.1153846153846154,2.620879120879121,-76.15384615384616
198,0.004,49.044,-59.292,1055.5439999999999,11270.0,4620.0,385.0,-9.100000000000001,192.22000000000003,-928.0600000000001,-3.3351648351648353,2.697802197802198,-76.15934065934066
199,0.004,49.044,-59.292,1055.3,11515.0,4532.5,227.5,-9.100000000000001,192.22000000000003,-928.0600000000001,-3.208791208791209,2.6538461538461537,-76.15384615384616
200,0.004,49.044,-59.292,1055.3,11620.0,4462.5,192.5,-9.100000000000001,192.50000000000003,-930.1600000000001,-3.434065934065934,2.7142857142857144,-76.15934065934066
201,0.004,49.288,-59.536,1055.056,11410.0,4375.0,297.5,-9.100000000000001,192.50000000000003,-930.1600000000001,-3.302197802197802,2.6923076923076925,-76.15384615384616
202,0.004,49.288,-59.536,1055.056,11952.5,4620.0,245.0,-9.100000000000001,192.50000000000003,-930.1600000000001,-3.1758241758241756,2.6538461538461537,-76.14835164835165
203,0.004,49.288,-59.536,1055.3,11427.5,4672.5,140.0,-7.420000000000001,190.68,-930.1600000000001,-3.3956043956043955,2.71978021978022,-76.15384615384616
204,0.004,49.532,-59.536,1055.3,11217.5,4462.5,280.0,-7.420000000000001,190.68,-930.1600000000001,-3.2637362637362637,2.697802197802198,-76.14285714285714
205,0.004,49.532,-59.536,1055.5439999999999,11322.5,4252.5,297.5,-7.420000000000001,190.68,-930.1600000000001,-3.142857142857143,2.6373626373626373,-76.13736263736264
206,0.004,49.288,-59.536,1056.52,11427.5,4252.5,262.5,-11.340000000000002,195.86,-932.96,-3.3626373626373627,2.7142857142857144,-76.14285714285714
207,0.004,49.288,-59.78,1056.764,11515.0,4305.0,227.5,-11.340000000000002,195.86,-932.96,-3.2362637362637363,2.6648351648351647,-76.13736263736264
208,0.004,49.044,-59.78,1057.74,11935.0,4620.0,175.0,-11.340000000000002,195.86,-932.96,-3.2527472527472527,2.5,-76.13736263736264
209,0.004,49.044,-60.024,1058.472,11830.0,4690.0,157.5,-11.340000000000002,195.86,-932.96,-3.291208791208791,2.7032967032967035,-76.13736263736264
210,0.004,49.288,-60.268,1059.204,11532.5,4637.5,420.0,-11.760000000000002,191.66000000000003,-926.2400000000001,-3.2252747252747254,2.576923076923077,-76.13186813186813
211,0.004,49.288,-60.756,1059.936,11287.5,4515.0,227.5,-11.760000000000002,191.66000000000003,-926.2400000000001,-3.3736263736263736,2.7472527472527473,-76.13186813186813
212,0.004,49.288,-60.756,1060.912,11515.0,4515.0,227.5,-11.760000000000002,191.66000000000003,-926.2400000000001,-3.2857142857142856,2.6373626373626373,-76.12637362637362
213,0.004,49.532,-60.756,1061.644,11392.5,4427.5,332.5,-6.300000000000001,188.86,-932.5400000000001,-3.258241758241758,2.8241758241758244,-76.12637362637362
214,0.004,49.532,-60.756,1061.888,11497.5,4585.0,105.0,-6.300000000000001,188.86,-932.5400000000001,-3.3241758241758244,2.659340659340659,-76.12637362637362
215,0.004,49.532,-60.512,1061.888,11865.0,4567.5,0.0,-6.300000000000001,188.86,-932.5400000000001,-3.1868131868131866,2.6923076923076925,-76.12087912087912
216,0.004,49.288,-60.512,1061.3999999999999,11830.0,4760.0,52.5,-7.840000000000001,186.76000000000002,-931.0000000000001,-3.3956043956043955,2.6263736263736264,-76.12637362637362
217,0.004,49.532,-60.268,1060.424,10657.5,4427.5,315.0,-7.840000000000001,186.76000000000002,-931.0000000000001,-3.2637362637362637,2.697802197802198,-76.12087912087912
218,0.004,49.288,-60.268,1059.4479999999999,11340.0,4515.0,0.0,-7.840000000000001,186.76000000000002,-931.0000000000001,-3.2747252747252746,2.532967032967033,-76.11538461538461
219,0.004,49.288,-60.024,1058.716,11550.0,4637.5,297.5,-3.3600000000000003,187.32000000000002,-933.8000000000001,-3.28021978021978,2.730769230769231,-76.11538461538461
220,0.004,49.288,-59.78,1057.4959999999999,10867.5,4392.5,262.5,-3.3600000000000003,187.32000000000002,-933.8000000000001,-3.2252747252747254,2.5934065934065935,-76.10989010989012
221,0.004,49.044,-59.78,1056.764,11165.0,4270.0,157.5,-3.3600000000000003,187.32000000000002,-933.8000000000001,-3.3076923076923075,2.791208791208791,-76.11538461538461
222,0.004,49.044,-59.536,1056.52,11287.5,4392.5,122.5,-5.460000000000001,190.26000000000002,-931.7,-3.258241758241758,2.6538461538461537,-76.10989010989012
223,0.004,49.044,-59.536,1056.276,11270.0,4550.0,210.0,-5.460000000000001,190.26000000000002,-931.7,-3.120879120879121,2.6758241758241756,-76.1043956043956
224,0.004,49.044,-59.536,1056.032,11655.0,4550.0,297.5,-5.460000000000001,190.26000000000002,-931.7,-3.3461538461538463,2.6538461538461537,-76.10989010989012
225,0.004,48.8,-59.292,1055.788,11165.0,4532.5,280.0,-7.140000000000001,190.12,-931.7,-3.208791208791209,2.6538461538461537,-76.1043956043956
226,0.004,48.8,-59.292,1055.5439999999999,10990.0,4515.0,437.5,-7.140000000000001,190.12,-931.7,-3.3241758241758244,2.5,-76.0989010989011
227,0.004,48.8,-59.292,1055.5439999999999,11515.0,4585.0,175.0,-7.140000000000001,190.12,-931.7,-3.258241758241758,2.6648351648351647,-76.0989010989011
228,0.004,49.044,-59.292,1055.5439999999999,11777.5,4480.0,245.0,-11.760000000000002,188.72000000000003,-935.3400000000001,-3.1263736263736264,2.642857142857143,-76.0934065934066
229,0.004,48.8,-59.292,1055.788,11585.0,4462.5,245.0,-11.760000000000002,188.72000000000003,-935.3400000000001,-3.357142857142857,2.659340659340659,-76.0989010989011
230,0.004,48.8,-59.048,1056.276,10972.5,4655.0,192.5,-11.760000000000002,188.72000000000003,-935.3400000000001,-3.2142857142857144,2.6538461538461537,-76.0934065934066
231,0.004,48.8,-59.292,1056.764,11952.5,4655.0,227.5,-9.100000000000001,190.68,-938.5600000000001,-3.197802197802198,2.5054945054945055,-76.08791208791209
232,0.004,48.8,-59.292,1057.4959999999999,11725.0,4602.5,262.5,-9.100000000000001,190.68,-938.5600000000001,-3.258241758241758,2.7032967032967035,-76.08791208791209
233,0.004,48.8,-59.536,1057.984,11742.5,4672.5,210.0,-9.100000000000001,190.68,-938.5600000000001,-3.2142857142857144,2.565934065934066,-76.08241758241758
234,0.004,48.556,-59.536,1058.472,11690.0,4515.0,350.0,-9.100000000000001,190.68,-938.5600000000001,-3.269230769230769,2.7637362637362637,-76.08791208791209
235,0.004,48.8,-59.78,1059.4479999999999,11340.0,4602.5,297.5,-11.9,192.36,-934.7800000000001,-3.258241758241758,2.60989010989011,-76.08241758241758
236,0.004,48.8,-60.024,1060.18,11025.0,4305.0,192.5,-11.9,192.36,-934.7800000000001,-3.17032967032967,2.7527472527472527,-76.07692307692308
237,0.004,48.8,-60.268,1061.3999999999999,11987.5,4427.5,245.0,-11.9,192.36,-934.7800000000001,-3.3131868131868134,2.6153846153846154,-76.07692307692308
238,0.004,49.044,-60.268,1062.132,11917.5,4340.0,367.5,-4.9,186.62,-932.6800000000001,-3.1923076923076925,2.6923076923076925,-76.07142857142857
239,0.004,49.044,-60.268,1062.132,10885.0,4515.0,87.5,-4.9,186.62,-932.6800000000001,-3.368131868131868,2.5824175824175826,-76.07692307692308
240,0.004,49.044,-60.024,1061.888,11567.5,4497.5,210.0,-4.9,186.62,-932.6800000000001,-3.241758241758242,2.67032967032967,-76.07142857142857
241,0.004,49.044,-60.024,1061.644,11410.0,4427.5,245.0,-6.580000000000001,184.94000000000003,-931.0000000000001,-3.241758241758242,2.510989010989011,-76.06593406593407
242,0.004,49.044,-60.024,1061.156,10902.5,4375.0,332.5,-6.580000000000001,184.94000000000003,-931.0000000000001,-3.2747252747252746,2.7142857142857144,-76.07142857142857
243,0.004,49.044,-59.78,1060.424,11340.0,4357.5,157.5,-6.580000000000001,184.94000000000003,-931.0000000000001,-3.2142857142857144,2.5824175824175826,-76.06593406593407
244,0.004,49.288,-59.536,1059.4479999999999,11427.5,4497.5,227.5,-4.760000000000001,189.84000000000003,-925.82,-3.2637362637362637,2.7857142857142856,-76.06593406593407
245,0.004,49.288,-59.536,1058.472,11025.0,4427.5,192.5,-4.760000000000001,189.84000000000003,-925.82,-3.2472527472527473,2.6263736263736264,-76.06043956043956
246,0.004,49.288,-59.536,1057.252,11795.0,4585.0,122.5,-4.760000000000001,189.84000000000003,-925.82,-3.1923076923076925,2.7967032967032965,-76.06043956043956
247,0.004,49.044,-59.292,1056.764,11445.0,4410.0,210.0,-8.82,187.04000000000002,-930.3000000000001,-3.258241758241758,2.6373626373626373,-76.06043956043956
248,0.004,49.044,-59.536,1056.032,11445.0,4480.0,157.5,-8.82,187.04000000000002,-930.3000000000001,-3.142857142857143,2.7362637362637363,-76.05494505494505
249,0.004,49.044,-59.536,1055.788,11480.0,4515.0,175.0,-8.82,187.04000000000002,-930.3000000000001,-3.318681318681319,2.6263736263736264,-76.05494505494505
250,0.004,49.044,-59.536,1055.5439999999999,11690.0,4550.0,210.0,-7.5600000000000005,187.88000000000002,-931.1400000000001,-3.1923076923076925,2.697802197802198,-76.04945054945055
251,0.004,49.288,-59.536,1055.5439999999999,11672.5,4515.0,297.5,-7.5600000000000005,187.88000000000002,-931.1400000000001,-3.379120879120879,2.598901098901099,-76.05494505494505
252,0.004,49.288,-59.78,1055.5439999999999,11217.5,4462.5,227.5,-7.5600000000000005,187.88000000000002,-931.1400000000001,-3.258241758241758,2.697802197802198,-76.04945054945055
253,0.004,49.044,-59.78,1055.5439999999999,11515.0,4515.0,262.5,-9.100000000000001,186.9,-932.2600000000001,-3.2362637362637363,2.5494505494505493,-76.04395604395604
254,0.004,49.044,-59.78,1055.788,11532.5,4497.5,367.5,-9.100000000000001,186.9,-932.2600000000001,-3.291208791208791,2.7472527472527473,-76.04395604395604
255,0.004,49.044,-59.78,1056.276,11410.0,4252.5,70.0,-9.100000000000001,186.9,-932.2600000000001,-3.2472527472527473,2.6043956043956045,-76.04395604395604
256,0.004,49.044,-59.78,1057.008,11847.5,4410.0,157.5,-10.360000000000001,185.92000000000002,-933.8000000000001,-3.2472527472527473,2.7967032967032965,-76.04395604395604
257,0.004,49.288,-59.78,1057.74,11112.5,4462.5,175.0,-10.360000000000001,185.92000000000002,-933.8000000000001,-3.2747252747252746,2.631868131868132,-76.03846153846153
258,0.004,49.288,-59.78,1058.716,11847.5,4567.5,262.5,-10.360000000000001,185.92000000000002,-933.8000000000001,-3.1648351648351647,2.7472527472527473,-76.03296703296704
259,0.004,49.288,-59.78,1059.204,11602.5,4585.0,297.5,-10.360000000000001,185.92000000000002,-933.8000000000001,-3.318681318681319,2.6153846153846154,-76.03846153846153
260,0.004,49.288,-59.78,1059.936,11410.0,4585.0,297.5,-6.300000000000001,184.94000000000003,-930.3000000000001,-3.197802197802198,2.708791208791209,-76.03296703296704
261,0.004,49.288,-60.024,1060.424,10955.0,4392.5,280.0,-6.300000000000001,184.94000000000003,-930.3000000000001,-3.357142857142857,2.5824175824175826,-76.03296703296704
262,0.004,49.044,-60.268,1061.3999999999999,11532.5,4602.5,140.0,-6.300000000000001,184.94000000000003,-930.3000000000001,-3.241758241758242,2.6868131868131866,-76.02747252747253
263,0.004,49.044,-60.268,1062.132,11270.0,4287.5,315.0,-4.2,188.16000000000003,-936.6000000000001,-3.3076923076923075,2.521978021978022,-76.02747252747253
264,0.004,49.044,-60.268,1062.376,11305.0,4532.5,210.0,-4.2,188.16000000000003,-936.6000000000001,-3.2637362637362637,2.7032967032967035,-76.02197802197803
265,0.004,49.044,-60.024,1062.132,11602.5,4655.0,245.0,-4.2,188.16000000000003,-936.6000000000001,-3.230769230769231,2.5549450549450547,-76.02197802197803
266,0.004,49.044,-60.024,1061.644,11637.5,4480.0,262.5,-6.300000000000001,186.48000000000002,-930.0200000000001,-3.2857142857142856,2.758241758241758,-76.02197802197803
267,0.004,49.288,-60.024,1061.156,11200.0,4305.0,315.0,-6.300000000000001,186.48000000000002,-930.0200000000001,-3.2527472527472527,2.60989010989011,-76.01648351648352
268,0.004,49.288,-60.024,1060.424,11532.5,4340.0,140.0,-6.300000000000001,186.48000000000002,-930.0200000000001,-3.2472527472527473,2.802197802197802,-76.01648351648352
269,0.004,49.532,-60.024,1059.936,11952.5,4497.5,192.5,-7.280000000000001,188.44000000000003,-942.6200000000001,-3.2857142857142856,2.6373626373626373,-76.01648351648352
270,0.004,49.532,-60.024,1059.204,11270.0,4515.0,280.0,-7.280000000000001,188.44000000000003,-942.6200000000001,-3.181318681318681,2.769230769230769,-76.01098901098901
271,0.004,49.532,-59.78,1058.472,11445.0,4515.0,122.5,-7.280000000000001,188.44000000000003,-942.6200000000001,-3.3131868131868134,2.620879120879121,-76.01098901098901
272,0.004,49.532,-59.536,1057.74,11025.0,4532.5,280.0,-2.1,187.60000000000002,-928.4800000000001,-3.197802197802198,2.730769230769231,-76.00549450549451
273,0.004,49.775999999999996,-59.292,1057.008,11427.5,4550.0,350.0,-2.1,187.60000000000002,-928.4800000000001,-3.291208791208791,2.5714285714285716,-76.00549450549451
274,0.004,50.019999999999996,-59.292,1056.52,11375.0,4322.5,70.0,-2.1,187.60000000000002,-928.4800000000001,-3.241758241758242,2.7472527472527473,-76.00549450549451
275,0.004,49.775999999999996,-59.048,1056.276,11585.0,4427.5,140.0,-8.4,190.4,-932.5400000000001,-3.1758241758241756,2.620879120879121,-76.0
276,0.004,49.775999999999996,-58.804,1056.276,11480.0,4462.5,332.5,-8.4,190.4,-932.5400000000001,-3.2472527472527473,2.818681318681319,-76.0
277,0.004,49.775999999999996,-58.804,1056.032,11620.0,4462.5,105.0,-8.4,190.4,-932.5400000000001,-3.2142857142857144,2.6758241758241756,-75.99450549450549
278,0.004,49.775999999999996,-59.048,1056.032,11725.0,4445.0,192.5,-10.500000000000002,185.92000000000002,-932.82,-3.1483516483516483,2.8351648351648353,-75.99450549450549
279,0.004,49.532,-59.048,1056.276,11637.5,4655.0,297.5,-10.500000000000002,185.92000000000002,-932.82,-3.2527472527472527,2.681318681318681,-75.99450549450549
280,0.004,49.288,-59.048,1056.764,11532.5,4690.0,-87.5,-10.500000000000002,185.92000000000002,-932.82,-3.120879120879121,2.6483516483516483,-75.98901098901099
281,0.004,49.044,-59.292,1057.252,11970.0,4637.5,262.5,-7.5600000000000005,189.56000000000003,-934.3600000000001,-3.3516483516483517,2.67032967032967,-75.99450549450549
282,0.004,49.044,-59.292,1057.74,11917.5,4480.0,315.0,-7.5600000000000005,189.56000000000003,-934.3600000000001,-3.21978021978022,2.659340659340659,-75.98901098901099
283,0.004,49.044,-59.536,1058.472,11567.5,4637.5,227.5,-7.5600000000000005,189.56000000000003,-934.3600000000001,-3.258241758241758,2.4945054945054945,-75.98351648351648
284,0.004,49.044,-59.536,1059.4479999999999,11725.0,4497.5,315.0,-7.5600000000000005,189.56000000000003,-934.3600000000001,-3.2527472527472527,2.6923076923076925,-75.98351648351648
285,0.004,49.044,-59.78,1059.936,11235.0,4480.0,262.5,-7.98,186.06000000000003,-932.5400000000001,-3.208791208791209,2.5494505494505493,-75.97802197802197
286,0.004,49.288,-60.024,1061.156,10937.5,4287.5,175.0,-7.98,186.06000000000003,-932.5400000000001,-3.302197802197802,2.7472527472527473,-75.98351648351648
287,0.004,49.044,-60.268,1061.888,11637.5,4620.0,105.0,-7.98,186.06000000000003,-932.5400000000001,-3.2637362637362637,2.598901098901099,-75.97802197802197
288,0.004,49.288,-60.268,1062.864,11532.5,4847.5,455.0,-5.180000000000001,185.64000000000001,-928.4800000000001,-3.241758241758242,2.7857142857142856,-75.97802197802197
289,0.004,49.288,-60.268,1063.352,10780.0,4165.0,297.5,-5.180000000000001,185.64000000000001,-928.4800000000001,-3.2857142857142856,2.620879120879121,-75.97252747252747
290,0.004,48.8,-60.024,1063.352,11165.0,4340.0,140.0,-5.180000000000001,185.64000000000001,-928.4800000000001,-3.1483516483516483,2.642857142857143,-75.96703296703296
291,0.004,48.8,-59.78,1062.62,11672.5,4690.0,350.0,-7.000000000000001,186.9,-927.6400000000001,-3.3736263736263736,2.6153846153846154,-75.97252747252747
292,0.004,48.8,-59.78,1061.3999999999999,11007.5,4567.5,192.5,-7.000000000000001,186.9,-927.6400000000001,-3.2362637362637363,2.6483516483516483,-75.96703296703296
293,0.004,49.044,-59.78,1060.668,11567.5,4497.5,87.5,-7.000000000000001,186.9,-927.6400000000001,-3.120879120879121,2.5714285714285716,-75.96153846153847
294,0.004,48.8,-59.536,1059.692,11690.0,4270.0,-35.0,-10.500000000000002,188.86,-928.6200000000001,-3.3241758241758244,2.6868131868131866,-75.96703296703296
295,0.004,48.8,-59.292,1059.204,10885.0,4095.0,280.0,-10.500000000000002,188.86,-928.6200000000001,-3.2032967032967035,2.6263736263736264,-75.96153846153847
296,0.004,48.556,-59.292,1058.96,11672.5,4357.5,175.0,-10.500000000000002,188.86,-928.6200000000001,-3.302197802197802,2.4725274725274726,-75.96153846153847
297,0.004,48.556,-59.292,1058.472,11585.0,4585.0,262.5,-8.82,188.72000000000003,-933.1000000000001,-3.2472527472527473,2.642857142857143,-75.95604395604396
298,0.004,48.8,-59.292,1057.984,11410.0,4480.0,157.5,-8.82,188.72000000000003,-933.1000000000001,-3.1153846153846154,2.6263736263736264,-75.95054945054945
299,0.004,48.8,-59.292,1057.252,11620.0,4515.0,122.5,-8.82,188.72000000000003,-933.1000000000001,-3.340659340659341,2.6648351648351647,-75.95604395604396
300,0.004,48.8,-59.292,1057.008,11322.5,4322.5,157.5,-9.66,184.94000000000003,-939.1200000000001,-3.208791208791209,2.6483516483516483,-75.95054945054945
301,0.004,48.8,-59.292,1057.008,11287.5,4252.5,297.5,-9.66,184.94000000000003,-939.1200000000001,-3.2637362637362637,2.478021978021978,-75.95054945054945
302,0.004,48.8,-59.292,1057.008,11462.5,4375.0,245.0,-9.66,184.94000000000003,-939.1200000000001,-3.2472527472527473,2.67032967032967,-75.95054945054945
303,0.004,49.044,-59.292,1057.4959999999999,11427.5,4462.5,280.0,-9.38,189.28000000000003,-927.3600000000001,-3.131868131868132,2.6043956043956045,-75.94505494505495
304,0.004,49.044,-59.292,1057.74,11095.0,4497.5,437.5,-9.38,189.28000000000003,-927.3600000000001,-3.3351648351648353,2.7142857142857144,-75.94505494505495
305,0.004,49.044,-59.292,1057.984,11742.5,4550.0,157.5,-9.38,189.28000000000003,-927.3600000000001,-3.21978021978022,2.6483516483516483,-75.93956043956044
306,0.004,49.044,-59.292,1058.228,11462.5,4445.0,105.0,-5.040000000000001,192.36,-927.08,-3.0824175824175826,2.6538461538461537,-75.93406593406593
307,0.004,49.288,-59.536,1058.716,11322.5,4357.5,227.5,-5.040000000000001,192.36,-927.08,-3.3131868131868134,2.681318681318681,-75.93956043956044
308,0.004,49.044,-59.536,1059.4479999999999,11462.5,4392.5,262.5,-5.040000000000001,192.36,-927.08,-3.1868131868131866,2.6373626373626373,-75.93406593406593
309,0.004,49.044,-59.78,1060.18,11287.5,4585.0,227.5,-5.040000000000001,192.36,-927.08,-3.412087912087912,2.6868131868131866,-75.93956043956044
310,0.004,49.044,-60.024,1061.3999999999999,11550.0,4550.0,455.0,-11.06,191.38000000000002,-927.2200000000001,-3.28021978021978,2.659340659340659,-75.93406593406593
311,0.004,49.288,-60.024,1061.644,10955.0,4585.0,315.0,-11.06,191.38000000000002,-927.2200000000001,-3.142857142857143,2.6538461538461537,-75.92307692307692
312,0.004,49.288,-60.268,1062.62,11462.5,4375.0,175.0,-11.06,191.38000000000002,-927.2200000000001,-3.3736263736263736,2.6648351648351647,-75.92857142857143
313,0.004,49.288,-60.268,1063.596,11410.0,4287.5,297.5,-8.260000000000002,189.00000000000003,-928.9000000000001,-3.2362637362637363,2.659340659340659,-75.92307692307692
314,0.004,49.532,-60.268,1063.84,10307.5,4322.5,210.0,-8.260000000000002,189.00000000000003,-928.9000000000001,-3.4505494505494507,2.730769230769231,-75.92857142857143
315,0.004,49.288,-60.268,1063.84,11725.0,4165.0,175.0,-8.260000000000002,189.00000000000003,-928.9000000000001,-3.32967032967033,2.681318681318681,-75.92307692307692
316,0.004,49.288,-60.024,1063.352,11567.5,4567.5,332.5,-7.5600000000000005,186.76000000000002,-931.4200000000001,-3.197802197802198,2.642857142857143,-75.91758241758242
317,0.004,49.044,-59.78,1062.132,11322.5,4847.5,262.5,-7.5600000000000005,186.76000000000002,-931.4200000000001,-3.423076923076923,2.620879120879121,-75.92307692307692
318,0.004,49.044,-59.536,1060.668,11445.0,4620.0,210.0,-7.5600000000000005,186.76000000000002,-931.4200000000001,-3.2857142857142856,2.659340659340659,-75.91758241758242
319,0.004,49.288,-59.536,1059.936,11462.5,4462.5,262.5,-5.460000000000001,187.32000000000002,-931.5600000000001,-3.1483516483516483,2.6758241758241756,-75.91208791208791
320,0.004,49.288,-59.292,1058.96,10815.0,4095.0,297.5,-5.460000000000001,187.32000000000002,-931.5600000000001,-3.368131868131868,2.642857142857143,-75.91208791208791
321,0.004,49.288,-59.292,1057.984,11410.0,4130.0,262.5,-5.460000000000001,187.32000000000002,-931.5600000000001,-3.2362637362637363,2.681318681318681,-75.9065934065934
322,0.004,49.288,-59.048,1057.74,11410.0,4357.5,192.5,-10.080000000000002,187.88000000000002,-936.1800000000001,-3.1153846153846154,2.620879120879121,-75.9010989010989
323,0.004,49.288,-59.048,1057.252,11410.0,4515.0,332.5,-10.080000000000002,187.88000000000002,-936.1800000000001,-3.3241758241758244,2.71978021978022,-75.9065934065934
324,0.004,49.044,-59.048,1057.008,11707.5,4462.5,175.0,-10.080000000000002,187.88000000000002,-936.1800000000001,-3.208791208791209,2.6483516483516483,-75.9010989010989
325,0.004,49.044,-59.048,1057.008,11480.0,4550.0,227.5,-7.280000000000001,187.32000000000002,-931.9800000000001,-3.0714285714285716,2.6758241758241756,-75.8956043956044
326,0.004,49.044,-59.048,1057.008,11095.0,4392.5,227.5,-7.280000000000001,187.32000000000002,-931.9800000000001,-3.2967032967032965,2.659340659340659,-75.9010989010989
327,0.004,49.044,-59.048,1057.008,11410.0,4252.5,227.5,-7.280000000000001,187.32000000000002,-931.9800000000001,-3.159340659340659,2.6648351648351647,-75.8956043956044
328,0.004,49.044,-59.048,1057.008,11760.0,4462.5,262.5,-11.06,188.72000000000003,-928.7600000000001,-3.379120879120879,2.620879120879121,-75.8956043956044
329,0.004,49.044,-59.048,1057.4959999999999,11760.0,4515.0,385.0,-11.06,188.72000000000003,-928.7600000000001,-3.2472527472527473,2.6648351648351647,-75.89010989010988
330,0.004,49.044,-59.292,1057.74,11200.0,4690.0,210.0,-11.06,188.72000000000003,-928.7600000000001,-3.1263736263736264,2.60989010989011,-75.88461538461539
331,0.004,49.044,-59.292,1058.228,11322.5,4480.0,367.5,-7.140000000000001,192.78000000000003,-931.2800000000001,-3.3351648351648353,2.708791208791209,-75.89010989010988
332,0.004,48.8,-59.292,1058.716,11532.5,4655.0,385.0,-7.140000000000001,192.78000000000003,-931.2800000000001,-3.21978021978022,2.6373626373626373,-75.88461538461539
333,0.004,48.8,-59.536,1059.4479999999999,11480.0,4550.0,262.5,-7.140000000000001,192.78000000000003,-931.2800000000001,-3.1153846153846154,2.5494505494505493,-75.87912087912088
334,0.004,48.8,-59.78,1059.936,11357.5,4532.5,402.5,-7.140000000000001,192.78000000000003,-931.2800000000001,-3.3076923076923075,2.6758241758241756,-75.87912087912088
335,0.004,49.044,-59.78,1060.668,11375.0,4375.0,455.0,-13.160000000000002,193.48000000000002,-932.96,-3.1868131868131866,2.6263736263736264,-75.87362637362638
336,0.004,49.044,-59.78,1061.644,10885.0,4515.0,105.0,-13.160000000000002,193.48000000000002,-932.96,-3.401098901098901,2.7142857142857144,-75.87912087912088
337,0.004,49.044,-60.024,1062.132,11445.0,4375.0,87.5,-13.160000000000002,193.48000000000002,-932.96,-3.28021978021978,2.6538461538461537,-75.87362637362638
338,0.004,49.044,-60.024,1063.352,11725.0,4602.5,210.0,-7.5600000000000005,187.32000000000002,-931.7,-3.1538461538461537,2.6043956043956045,-75.86813186813187
339,0.004,48.8,-60.024,1063.596,11235.0,4357.5,297.5,-7.5600000000000005,187.32000000000002,-931.7,-3.379120879120879,2.6648351648351647,-75.87362637362638
340,0.004,49.044,-60.024,1063.596,11882.5,4462.5,227.5,-7.5600000000000005,187.32000000000002,-931.7,-3.2472527472527473,2.6483516483516483,-75.86813186813187
341,0.004,49.044,-59.78,1063.352,11375.0,4567.5,175.0,-6.300000000000001,188.02,-932.6800000000001,-3.120879120879121,2.598901098901099,-75.86263736263736
342,0.004,49.044,-59.78,1062.62,11200.0,4392.5,332.5,-6.300000000000001,188.02,-932.6800000000001,-3.3351648351648353,2.681318681318681,-75.86813186813187
343,0.004,49.288,-59.292,1061.644,11445.0,4252.5,35.0,-6.300000000000001,188.02,-932.6800000000001,-3.2032967032967035,2.659340659340659,-75.86263736263736
344,0.004,49.288,-59.292,1060.912,11515.0,4305.0,350.0,-3.5000000000000004,188.72000000000003,-930.8600000000001,-3.1373626373626373,2.5384615384615383,-75.85714285714286
345,0.004,49.288,-59.292,1060.424,11392.5,4357.5,262.5,-3.5000000000000004,188.72000000000003,-930.8600000000001,-3.269230769230769,2.7142857142857144,-75.85714285714286
346,0.004,49.288,-59.048,1059.692,11760.0,4462.5,105.0,-3.5000000000000004,188.72000000000003,-930.8600000000001,-3.1648351648351647,2.6263736263736264,-75.85164835164835
347,0.004,49.288,-58.804,1058.96,11602.5,4445.0,227.5,-7.420000000000001,188.72000000000003,-932.6800000000001,-3.269230769230769,2.818681318681319,-75.85714285714286
348,0.004,49.532,-58.804,1058.228,11567.5,4340.0,385.0,-7.420000000000001,188.72000000000003,-932.6800000000001,-3.21978021978022,2.681318681318681,-75.85164835164835
349,0.004,49.288,-58.56,1057.4959999999999,12372.5,4305.0,105.0,-7.420000000000001,188.72000000000003,-932.6800000000001,-3.0934065934065935,2.6373626373626373,-75.84615384615384
350,0.004,49.532,-58.56,1057.252,11830.0,4410.0,192.5,-6.0200000000000005,188.86,-934.7800000000001,-3.302197802197802,2.7362637362637363,-75.84615384615384
351,0.004,49.288,-58.56,1057.252,11480.0,4427.5,262.5,-6.0200000000000005,188.86,-934.7800000000001,-3.1923076923076925,2.67032967032967,-75.84065934065934
352,0.004,49.288,-58.56,1057.4959999999999,11637.5,4585.0,87.5,-6.0200000000000005,188.86,-934.7800000000001,-3.0604395604395602,2.6483516483516483,-75.83516483516483
353,0.004,49.288,-58.56,1057.984,11445.0,4497.5,262.5,-9.100000000000001,190.12,-929.7400000000001,-3.2857142857142856,2.6868131868131866,-75.84065934065934
354,0.004,49.288,-58.56,1057.984,11620.0,4427.5,455.0,-9.100000000000001,190.12,-929.7400000000001,-3.1538461538461537,2.6648351648351647,-75.83516483516483
355,0.004,49.044,-58.804,1058.228,11357.5,4655.0,192.5,-9.100000000000001,190.12,-929.7400000000001,-3.3516483516483517,2.5824175824175826,-75.84065934065934
356,0.004,49.288,-58.804,1058.96,11200.0,4462.5,297.5,-11.200000000000001,187.60000000000002,-929.46,-3.230769230769231,2.6758241758241756,-75.83516483516483
357,0.004,49.044,-59.048,1059.692,11567.5,4357.5,175.0,-11.200000000000001,187.60000000000002,-929.46,-3.1263736263736264,2.5824175824175826,-75.82967032967034
358,0.004,49.044,-59.292,1060.424,11620.0,4462.5,157.5,-11.200000000000001,187.60000000000002,-929.46,-3.3131868131868134,2.71978021978022,-75.82967032967034
359,0.004,48.8,-59.292,1061.156,11480.0,4375.0,192.5,-11.200000000000001,187.60000000000002,-929.46,-3.2142857142857144,2.6263736263736264,-75.82417582417582
360,0.004,48.8,-59.536,1061.888,11287.5,4620.0,525.0,-6.720000000000001,190.82000000000002,-930.7200000000001,-3.0824175824175826,2.6868131868131866,-75.81868131868131
361,0.004,48.8,-59.536,1063.108,10990.0,4375.0,52.5,-6.720000000000001,190.82000000000002,-930.7200000000001,-3.291208791208791,2.620879120879121,-75.82417582417582
